/*
Navicat MySQL Data Transfer

Source Server         : mysql_FuWuQi
Source Server Version : 50726
Source Host           : 47.94.81.96:3306
Source Database       : government-web

Target Server Type    : MYSQL
Target Server Version : 50726
File Encoding         : 65001

Date: 2019-12-07 16:54:34
*/

SET FOREIGN_KEY_CHECKS=0;

-- ----------------------------
-- Table structure for card_info
-- ----------------------------
DROP TABLE IF EXISTS `card_info`;
CREATE TABLE `card_info` (
  `info_id` int(128) NOT NULL AUTO_INCREMENT,
  `info_title` varchar(255) DEFAULT NULL,
  `info_content` longtext,
  `info_date` datetime DEFAULT NULL,
  `info_card_id` int(128) NOT NULL,
  `info_content_html` longtext,
  PRIMARY KEY (`info_id`),
  KEY `info_card_id` (`info_card_id`),
  CONSTRAINT `card_info_ibfk_1` FOREIGN KEY (`info_card_id`) REFERENCES `main_card` (`card_id`) ON DELETE CASCADE ON UPDATE CASCADE
) ENGINE=InnoDB AUTO_INCREMENT=26 DEFAULT CHARSET=utf8;

-- ----------------------------
-- Records of card_info
-- ----------------------------
INSERT INTO `card_info` VALUES ('1', '2018年度城乡居民基本医疗保险参保缴费9月开始', '根据《关于做好2018年度城乡居民基本医疗保险工作的通知》（梅市人社〔2017〕64号）精神，2018年度城乡居民基本医疗保险参保缴费工作于9月开始。\r\n\r\n一、参保缴费时间\r\n\r\n2017年9月1日至11月30日。\r\n\r\n二、参保缴费标准\r\n\r\n2018年度城乡居民医保个人缴费标准为每人每年180元。\r\n\r\n三、参保缴费办法\r\n\r\n首次参保人员应先到所属参保地城乡居民医保中心办理参保登记（幼中小学就读的外市户籍学生，需提供学校就读证明），再到社保部门委托的邮储银行进行缴费。连续参保人员按以下办法办理缴费。\r\n\r\n（一）农村居民缴费。农村居民以户为单位参保缴费，村委会统一收缴医保费，并建立参保登记花名册。镇（街道）做好参保人员的报盘和缴费工作。\r\n\r\n（二）城镇居民缴费。城镇居民持本人户口簿或身份证或上一年度缴费单，到邮政储蓄银行网点办理缴费。同时，也可通过手机银行、网银在线缴费、代扣代缴等快捷渠道办理参保、续保手续。\r\n\r\n（三）在校学生缴费。全日制大学、中职技校的学生，由学校统一收缴、造册，报学校所在地镇（街道）城乡居民医保中心进行报盘核定，核定无误后，学校持缴费通知单到邮政储蓄银行办理缴费手续。\r\n\r\n（四）特殊人群缴费。特困供养对象、享受当地最低生活保障家庭成员、建档立卡贫困人员按照《关于印发<梅州市困难群众医疗救助实施细则>的通知》(梅市民字〔2017〕35号)规定，其个人缴费部分给予全额资助。重度残疾人员、农村纯生二女结扎的夫妇双方及其年龄在14周岁以内的女孩，其个人缴费由县级政府统筹安排给予全额补助。\r\n\r\n四、医保待遇调整\r\n\r\n2018年度城乡居民医保待遇视国家、省、市有关政策进行调整。', '2018-03-23 18:43:52', '1', '<p>根据《关于做好2018年度城乡居民基本医疗保险工作的通知》（梅市人社〔2017〕64号）精神，2018年度城乡居民基本医疗保险参保缴费工作于9月开始。</p>\n<p>一、参保缴费时间</p>\n<p>2017年9月1日至11月30日。</p>\n<p>二、参保缴费标准</p>\n<p>2018年度城乡居民医保个人缴费标准为每人每年180元。</p>\n<p>三、参保缴费办法</p>\n<p>首次参保人员应先到所属参保地城乡居民医保中心办理参保登记（幼中小学就读的外市户籍学生，需提供学校就读证明），再到社保部门委托的邮储银行进行缴费。连续参保人员按以下办法办理缴费。</p>\n<p>（一）农村居民缴费。农村居民以户为单位参保缴费，村委会统一收缴医保费，并建立参保登记花名册。镇（街道）做好参保人员的报盘和缴费工作。</p>\n<p>（二）城镇居民缴费。城镇居民持本人户口簿或身份证或上一年度缴费单，到邮政储蓄银行网点办理缴费。同时，也可通过手机银行、网银在线缴费、代扣代缴等快捷渠道办理参保、续保手续。</p>\n<p>（三）在校学生缴费。全日制大学、中职技校的学生，由学校统一收缴、造册，报学校所在地镇（街道）城乡居民医保中心进行报盘核定，核定无误后，学校持缴费通知单到邮政储蓄银行办理缴费手续。</p>\n<p>（四）特殊人群缴费。特困供养对象、享受当地最低生活保障家庭成员、建档立卡贫困人员按照《关于印发&lt;梅州市困难群众医疗救助实施细则&gt;的通知》(梅市民字〔2017〕35号)规定，其个人缴费部分给予全额资助。重度残疾人员、农村纯生二女结扎的夫妇双方及其年龄在14周岁以内的女孩，其个人缴费由县级政府统筹安排给予全额补助。</p>\n<p>四、医保待遇调整</p>\n<p>2018年度城乡居民医保待遇视国家、省、市有关政策进行调整。</p>\n');
INSERT INTO `card_info` VALUES ('2', '2017年奋发镇人民政府预算基本情况说明', '一、部门基本情况：\r\n1、奋发镇政府：行政编制人数51人，主要职能：全面贯彻落实上级和镇党委政府的各项决策部署。\r\n2、奋发镇财政结算服务中心：在编人数2人，主要职能：接受镇经济事务办公室的管理与指导。\r\n3、奋发镇社会保障服务中心：事业编制人数4人，主要职能：接受镇社会事务办公室和城乡规划建设管理办公室的管理与指导。\r\n5、奋发镇农业服务中心：事业编制人数32人，主要职能：接受镇农业事务办公室的管理与指导。\r\n6、奋发镇文化体育服务中心：事业编制人数7人，主要职能：接受社会事务办公室的管理与指导。\r\n7、奋发镇派出所：编制人数11人，主要职能：贯彻公安工作的路线、方针、政策。\r\n二、收入预算说明\r\n收入预算总规模、各项收入预算如下：\r\n2017年收入预算2498.86万元，其中：财政拨款收入2498.86万元。\r\n四、支出预算说明\r\n支出预算总规模、各类支出预算规模及各类支出预算增减变化情况。\r\n2017年支出预算2498.86万元，其中：财政拨款支出预算2498.86万元。\r\n2017年财政拨款支出预算按用途划分，基本支出预算2498.86万元，占100%。\r\n五、“三公经费”支出预算说明\r\n2017年“三公经费”财政拨款支出预算90万元，具体情况如下：\r\n1.因公出国（境）费支出预算0万元，对比上年预算无增减。\r\n2.公务用车运行维护费支出预算30万元，与上年持平。\r\n3.公务接待费支出预算60万元，与上年持平。\r\n                             \r\n\r\n京州市奋发镇人民政府\r\n                                    2017-6-20\r\n一、部门基本情况：\r\n1、奋发镇政府：行政编制人数51人，主要职能：全面贯彻落实上级和镇党委政府的各项决策部署。\r\n2、奋发镇财政结算服务中心：在编人数2人，主要职能：接受镇经济事务办公室的管理与指导。\r\n3、奋发镇社会保障服务中心：事业编制人数4人，主要职能：接受镇社会事务办公室和城乡规划建设管理办公室的管理与指导。\r\n5、奋发镇农业服务中心：事业编制人数32人，主要职能：接受镇农业事务办公室的管理与指导。\r\n6、奋发镇文化体育服务中心：事业编制人数7人，主要职能：接受社会事务办公室的管理与指导。\r\n7、奋发镇派出所：编制人数11人，主要职能：贯彻公安工作的路线、方针、政策。\r\n二、收入预算说明\r\n收入预算总规模、各项收入预算如下：\r\n2017年收入预算2498.86万元，其中：财政拨款收入2498.86万元。\r\n四、支出预算说明\r\n支出预算总规模、各类支出预算规模及各类支出预算增减变化情况。\r\n2017年支出预算2498.86万元，其中：财政拨款支出预算2498.86万元。\r\n2017年财政拨款支出预算按用途划分，基本支出预算2498.86万元，占100%。\r\n五、“三公经费”支出预算说明\r\n2017年“三公经费”财政拨款支出预算90万元，具体情况如下：\r\n1.因公出国（境）费支出预算0万元，对比上年预算无增减。\r\n2.公务用车运行维护费支出预算30万元，与上年持平。\r\n3.公务接待费支出预算60万元，与上年持平。\r\n                             \r\n\r\n京州市奋发镇人民政府\r\n                                    2017-6-20\r\n', '2018-03-23 18:18:15', '2', '<p>一、部门基本情况：<br />\n1、奋发镇政府：行政编制人数51人，主要职能：全面贯彻落实上级和镇党委政府的各项决策部署。<br />\n2、奋发镇财政结算服务中心：在编人数2人，主要职能：接受镇经济事务办公室的管理与指导。<br />\n3、奋发镇社会保障服务中心：事业编制人数4人，主要职能：接受镇社会事务办公室和城乡规划建设管理办公室的管理与指导。<br />\n5、奋发镇农业服务中心：事业编制人数32人，主要职能：接受镇农业事务办公室的管理与指导。<br />\n6、奋发镇文化体育服务中心：事业编制人数7人，主要职能：接受社会事务办公室的管理与指导。<br />\n7、奋发镇派出所：编制人数11人，主要职能：贯彻公安工作的路线、方针、政策。<br />\n二、收入预算说明<br />\n收入预算总规模、各项收入预算如下：<br />\n2017年收入预算2498.86万元，其中：财政拨款收入2498.86万元。<br />\n四、支出预算说明<br />\n支出预算总规模、各类支出预算规模及各类支出预算增减变化情况。<br />\n2017年支出预算2498.86万元，其中：财政拨款支出预算2498.86万元。<br />\n2017年财政拨款支出预算按用途划分，基本支出预算2498.86万元，占100%。<br />\n五、“三公经费”支出预算说明<br />\n2017年“三公经费”财政拨款支出预算90万元，具体情况如下：<br />\n1.因公出国（境）费支出预算0万元，对比上年预算无增减。<br />\n2.公务用车运行维护费支出预算30万元，与上年持平。<br />\n3.公务接待费支出预算60万元，与上年持平。</p>\n<p>京州市奋发镇人民政府<br />\n2017-6-20<br />\n一、部门基本情况：<br />\n1、奋发镇政府：行政编制人数51人，主要职能：全面贯彻落实上级和镇党委政府的各项决策部署。<br />\n2、奋发镇财政结算服务中心：在编人数2人，主要职能：接受镇经济事务办公室的管理与指导。<br />\n3、奋发镇社会保障服务中心：事业编制人数4人，主要职能：接受镇社会事务办公室和城乡规划建设管理办公室的管理与指导。<br />\n5、奋发镇农业服务中心：事业编制人数32人，主要职能：接受镇农业事务办公室的管理与指导。<br />\n6、奋发镇文化体育服务中心：事业编制人数7人，主要职能：接受社会事务办公室的管理与指导。<br />\n7、奋发镇派出所：编制人数11人，主要职能：贯彻公安工作的路线、方针、政策。<br />\n二、收入预算说明<br />\n收入预算总规模、各项收入预算如下：<br />\n2017年收入预算2498.86万元，其中：财政拨款收入2498.86万元。<br />\n四、支出预算说明<br />\n支出预算总规模、各类支出预算规模及各类支出预算增减变化情况。<br />\n2017年支出预算2498.86万元，其中：财政拨款支出预算2498.86万元。<br />\n2017年财政拨款支出预算按用途划分，基本支出预算2498.86万元，占100%。<br />\n五、“三公经费”支出预算说明<br />\n2017年“三公经费”财政拨款支出预算90万元，具体情况如下：<br />\n1.因公出国（境）费支出预算0万元，对比上年预算无增减。<br />\n2.公务用车运行维护费支出预算30万元，与上年持平。<br />\n3.公务接待费支出预算60万元，与上年持平。</p>\n<p>京州市奋发镇人民政府<br />\n2017-6-20</p>\n');
INSERT INTO `card_info` VALUES ('4', '【关爱未成年人】关爱青少年学生 让爱相伴成长', '8月9日至8月11日，梅县团区委组织志愿者到畲江镇、丙村镇、雁洋镇、松口镇、石坑镇以及梅西镇走访慰问贫困学子家庭，实地查看和深入了解他们的家庭情况，帮助他们实现求学梦想。在走访的过程中，志愿者们与学生及其家人进行了亲切的交谈，详细了解了学生的家境和面临的实际困难。\r\n\r\n他们，或因病致贫，家徒四壁；或失去亲人，孤苦无依；或收入甚微，生活拮据。但清贫的生活并没有浇灭他们努力奋斗的热情，今年，他们都考上了大学，期盼能通过知识，来改变自己以及整个家庭的命运。志愿者们也鼓励他们努力克服困难，顽强拼搏，实现求学梦想。受访学生也表示会努力学好专业知识，将来用自己的实际行动回报社会，将爱心继续传递下去。\r\n\r\n为了让大山里的孩子暑假也一样精彩，让留守儿童也能在爱中成长，暑假期间，团区委与高校对接开展了大学生“三下乡”活动，来自广东第二师范学院的15名志愿者，回到家乡开展“三下乡”与家乡创文社会实践系列活动，通过多样有趣的形式，向桃源村的100多名小朋友教授语文、数学、艺术、体育等方面的知识。桃源村至少有留守儿童15名。\r\n\r\n暑假里，他们没有父母的陪伴，没有丰富多彩的活动，只能在山间田野度过。大学生志愿者来了以后，欢声笑语充斥在校园的每个角落：足球场上，孩子们在阳光下追逐奔跑；教室里，孩子们围着“老师”尽情嬉戏；另一间教室里，孩子们聚精会神地听着“老师”教授知识，寓教于乐的同时，让他们的暑假也充满爱和欢乐。大学生志愿者以实际行动为创文贡献自己的一份力量，让爱陪伴留守儿童健康成长。 ', '2018-03-23 18:41:42', '1', '<p>8月9日至8月11日，梅县团区委组织志愿者到畲江镇、丙村镇、雁洋镇、松口镇、石坑镇以及梅西镇走访慰问贫困学子家庭，实地查看和深入了解他们的家庭情况，帮助他们实现求学梦想。在走访的过程中，志愿者们与学生及其家人进行了亲切的交谈，详细了解了学生的家境和面临的实际困难。</p>\n<p>他们，或因病致贫，家徒四壁；或失去亲人，孤苦无依；或收入甚微，生活拮据。但清贫的生活并没有浇灭他们努力奋斗的热情，今年，他们都考上了大学，期盼能通过知识，来改变自己以及整个家庭的命运。志愿者们也鼓励他们努力克服困难，顽强拼搏，实现求学梦想。受访学生也表示会努力学好专业知识，将来用自己的实际行动回报社会，将爱心继续传递下去。</p>\n<p>为了让大山里的孩子暑假也一样精彩，让留守儿童也能在爱中成长，暑假期间，团区委与高校对接开展了大学生“三下乡”活动，来自广东第二师范学院的15名志愿者，回到家乡开展“三下乡”与家乡创文社会实践系列活动，通过多样有趣的形式，向桃源村的100多名小朋友教授语文、数学、艺术、体育等方面的知识。桃源村至少有留守儿童15名。</p>\n<p>暑假里，他们没有父母的陪伴，没有丰富多彩的活动，只能在山间田野度过。大学生志愿者来了以后，欢声笑语充斥在校园的每个角落：足球场上，孩子们在阳光下追逐奔跑；教室里，孩子们围着“老师”尽情嬉戏；另一间教室里，孩子们聚精会神地听着“老师”教授知识，寓教于乐的同时，让他们的暑假也充满爱和欢乐。大学生志愿者以实际行动为创文贡献自己的一份力量，让爱陪伴留守儿童健康成长。</p>\n');
INSERT INTO `card_info` VALUES ('5', '2017年奋发镇人民政府预算基本情况说明', '一、部门基本情况：\r\n1、奋发镇政府：行政编制人数51人，主要职能：全面贯彻落实上级和镇党委政府的各项决策部署。\r\n2、奋发镇财政结算服务中心：在编人数2人，主要职能：接受镇经济事务办公室的管理与指导。\r\n3、奋发镇社会保障服务中心：事业编制人数4人，主要职能：接受镇社会事务办公室和城乡规划建设管理办公室的管理与指导。\r\n5、奋发镇农业服务中心：事业编制人数32人，主要职能：接受镇农业事务办公室的管理与指导。\r\n6、奋发镇文化体育服务中心：事业编制人数7人，主要职能：接受社会事务办公室的管理与指导。\r\n7、奋发镇派出所：编制人数11人，主要职能：贯彻公安工作的路线、方针、政策。\r\n二、收入预算说明\r\n收入预算总规模、各项收入预算如下：\r\n2017年收入预算2498.86万元，其中：财政拨款收入2498.86万元。\r\n四、支出预算说明\r\n支出预算总规模、各类支出预算规模及各类支出预算增减变化情况。\r\n2017年支出预算2498.86万元，其中：财政拨款支出预算2498.86万元。\r\n2017年财政拨款支出预算按用途划分，基本支出预算2498.86万元，占100%。\r\n五、“三公经费”支出预算说明\r\n2017年“三公经费”财政拨款支出预算90万元，具体情况如下：\r\n1.因公出国（境）费支出预算0万元，对比上年预算无增减。\r\n2.公务用车运行维护费支出预算30万元，与上年持平。\r\n3.公务接待费支出预算60万元，与上年持平。\r\n                             \r\n\r\n京州市奋发镇人民政府\r\n                                    2017-6-20', '2018-03-23 18:18:15', '2', '<p>一、部门基本情况：<br />\n1、奋发镇政府：行政编制人数51人，主要职能：全面贯彻落实上级和镇党委政府的各项决策部署。<br />\n2、奋发镇财政结算服务中心：在编人数2人，主要职能：接受镇经济事务办公室的管理与指导。<br />\n3、奋发镇社会保障服务中心：事业编制人数4人，主要职能：接受镇社会事务办公室和城乡规划建设管理办公室的管理与指导。<br />\n5、奋发镇农业服务中心：事业编制人数32人，主要职能：接受镇农业事务办公室的管理与指导。<br />\n6、奋发镇文化体育服务中心：事业编制人数7人，主要职能：接受社会事务办公室的管理与指导。<br />\n7、奋发镇派出所：编制人数11人，主要职能：贯彻公安工作的路线、方针、政策。<br />\n二、收入预算说明<br />\n收入预算总规模、各项收入预算如下：<br />\n2017年收入预算2498.86万元，其中：财政拨款收入2498.86万元。<br />\n四、支出预算说明<br />\n支出预算总规模、各类支出预算规模及各类支出预算增减变化情况。<br />\n2017年支出预算2498.86万元，其中：财政拨款支出预算2498.86万元。<br />\n2017年财政拨款支出预算按用途划分，基本支出预算2498.86万元，占100%。<br />\n五、“三公经费”支出预算说明<br />\n2017年“三公经费”财政拨款支出预算90万元，具体情况如下：<br />\n1.因公出国（境）费支出预算0万元，对比上年预算无增减。<br />\n2.公务用车运行维护费支出预算30万元，与上年持平。<br />\n3.公务接待费支出预算60万元，与上年持平。</p>\n<p>京州市奋发镇人民政府<br />\n2017-6-20</p>\n');
INSERT INTO `card_info` VALUES ('6', '【奋发镇】讲政治强党性 守纪律强作风', '为贯彻落实好省委、市委和区委的统一部署，进一步强化政治意识、纪律意识，推动全面从严治党向纵深发展，以纪律建设的新成效保障奋发各项事业振兴发展，今天上午，我镇召开了纪律教育专题学习会，镇领导班子、部门负责人、企事业单位负责人和全体村（居）“两委”干部共260多人参加了会议。\r\n\r\n会议首先组织全体参会人员观看了警示教育片《村蝇之害》，通过曝光近年来基层村干部的违纪违法现象，查处的一系列典型案例，深入分析成因，以案说法，让基层干部受到教育，引以为戒，警醒基层干部在精准扶贫、惠民政策落实方面应如何坚守原则、依法依规、正确履行职责。\r\n\r\n镇长传达了市、区纪律教育专题学习会和区纪律教育专题学习会的主要精神，部署了我镇开展纪律教育学习的各项工作任务。副书记对加强机关作风建设进行部署，传达《奋发镇关于开展机关作风整治的实施方案》。\r\n\r\n书记围绕“讲政治、强党性、严纪律、守规矩”的主题，从强化治国理政新理念，持之以恒抓反腐，强化干部作风，压实责任促实效等方面为参会人员作了一场联系实际、紧扣主题、意义深刻的纪律教育专题辅导报告。\r\n\r\n书记指出，松口镇正加快重点项目和新农村建设，推进创文工作，警示片反映的问题，我们要引以为戒。各村（居）委、部门负责人要围绕“讲政治、强党性、严纪律、守规矩”这一要求，带好班子，管好队伍，凝心聚力，以优良的作风推动奋发镇各项事业平稳健康发展。\r\n\r\n书记强调，每位党员领导干部在任何时候都要坚决维护习近平总书记的核心地位，确保党的路线方针和政令畅通实施，坚持把政治纪律和政治规矩挺在前面；要狠抓作风建设，发挥党员干部的表率作用，将纪律学习教育与推进“两学一做”常态化教育、深入开展镇街领导干部驻点普遍直接联系群众工作相结合，将其作为改进作风的着力点；要坚决落实《关于贯彻“三个区分开来”实行容误免责治理为官不为的意见》，真正形成鼓励干事创业、自觉抵制为官不为的良好氛围；要严肃问责推动落实，对存在的“弱、慢、散、推”等现象进行重点整治，严肃问责，要紧紧围绕大力发展实体经济、加快推进重点项目建设，抓好精准脱贫、环境卫生整治、创文、新农村建设等重点工作，以踏石留印、抓铁有痕的劲头，持之于恒抓好中央“八项规定”的贯彻落实，以纪律教育活动的新成效，为加快奋发振兴发展提供坚强的纪律和作风保障，以优异的成绩迎接党的十九大胜利召开。', '2018-03-23 18:40:37', '1', '<p>为贯彻落实好省委、市委和区委的统一部署，进一步强化政治意识、纪律意识，推动全面从严治党向纵深发展，以纪律建设的新成效保障奋发各项事业振兴发展，今天上午，我镇召开了纪律教育专题学习会，镇领导班子、部门负责人、企事业单位负责人和全体村（居）“两委”干部共260多人参加了会议。</p>\n<p>会议首先组织全体参会人员观看了警示教育片《村蝇之害》，通过曝光近年来基层村干部的违纪违法现象，查处的一系列典型案例，深入分析成因，以案说法，让基层干部受到教育，引以为戒，警醒基层干部在精准扶贫、惠民政策落实方面应如何坚守原则、依法依规、正确履行职责。</p>\n<p>镇长传达了市、区纪律教育专题学习会和区纪律教育专题学习会的主要精神，部署了我镇开展纪律教育学习的各项工作任务。副书记对加强机关作风建设进行部署，传达《奋发镇关于开展机关作风整治的实施方案》。</p>\n<p>书记围绕“讲政治、强党性、严纪律、守规矩”的主题，从强化治国理政新理念，持之以恒抓反腐，强化干部作风，压实责任促实效等方面为参会人员作了一场联系实际、紧扣主题、意义深刻的纪律教育专题辅导报告。</p>\n<p>书记指出，松口镇正加快重点项目和新农村建设，推进创文工作，警示片反映的问题，我们要引以为戒。各村（居）委、部门负责人要围绕“讲政治、强党性、严纪律、守规矩”这一要求，带好班子，管好队伍，凝心聚力，以优良的作风推动奋发镇各项事业平稳健康发展。</p>\n<p>书记强调，每位党员领导干部在任何时候都要坚决维护习近平总书记的核心地位，确保党的路线方针和政令畅通实施，坚持把政治纪律和政治规矩挺在前面；要狠抓作风建设，发挥党员干部的表率作用，将纪律学习教育与推进“两学一做”常态化教育、深入开展镇街领导干部驻点普遍直接联系群众工作相结合，将其作为改进作风的着力点；要坚决落实《关于贯彻“三个区分开来”实行容误免责治理为官不为的意见》，真正形成鼓励干事创业、自觉抵制为官不为的良好氛围；要严肃问责推动落实，对存在的“弱、慢、散、推”等现象进行重点整治，严肃问责，要紧紧围绕大力发展实体经济、加快推进重点项目建设，抓好精准脱贫、环境卫生整治、创文、新农村建设等重点工作，以踏石留印、抓铁有痕的劲头，持之于恒抓好中央“八项规定”的贯彻落实，以纪律教育活动的新成效，为加快奋发振兴发展提供坚强的纪律和作风保障，以优异的成绩迎接党的十九大胜利召开。</p>\n');
INSERT INTO `card_info` VALUES ('8', '中华人民共和国公共文化服务保障法', '中华人民共和国公共文化服务保障法\r\n\r\n（2016年12月25日第十二届全国人民代表大会常务委员会第二十五次会议通过）\r\n\r\n中华人民共和国主席令\r\n\r\n第六十号\r\n\r\n《中华人民共和国公共文化服务保障法》已由中华人民共和国第十二届全国人民代表大会常务委员会第二十五次会议于2016年12月25日通过，现予公布，自2017年3月1日起施行。\r\n\r\n中华人民共和国主席 习近平\r\n\r\n2016年12月25日\r\n\r\n目 录\r\n\r\n第一章 总 则\r\n\r\n第二章 公共文化设施建设与管理\r\n\r\n第三章 公共文化服务提供\r\n\r\n第四章 保障措施\r\n\r\n第五章 法律责任\r\n\r\n第六章 附 则\r\n\r\n第一章 总 则\r\n\r\n第一条 为了加强公共文化服务体系建设，丰富人民群众精神文化生活，传承中华优秀传统文化，弘扬社会主义核心价值观，增强文化自信，促进中国特色社会主义文化繁荣发展，提高全民族文明素质，制定本法。\r\n\r\n第二条 本法所称公共文化服务，是指由政府主导、社会力量参与，以满足公民基本文化需求为主要目的而提供的公共文化设施、文化产品、文化活动以及其他相关服务。\r\n\r\n第三条 公共文化服务应当坚持社会主义先进文化前进方向，坚持以人民为中心，坚持以社会主义核心价值观为引领；应当按照“百花齐放、百家争鸣”的方针，支持优秀公共文化产品的创作生产，丰富公共文化服务内容。\r\n\r\n第四条 县级以上人民政府应当将公共文化服务纳入本级国民经济和社会发展规划，按照公益性、基本性、均等性、便利性的要求，加强公共文化设施建设，完善公共文化服务体系，提高公共文化服务效能。\r\n\r\n第五条 国务院根据公民基本文化需求和经济社会发展水平，制定并调整国家基本公共文化服务指导标准。省、自治区、直辖市人民政府根据国家基本公共文化服务指导标准，结合当地实际需求、财政能力和文化特色，制定并调整本行政区域的基本公共文化服务实施标准。\r\n\r\n第六条 国务院建立公共文化服务综合协调机制，指导、协调、推动全国公共文化服务工作。国务院文化主管部门承担综合协调具体职责。地方各级人民政府应当加强对公共文化服务的统筹协调，推动实现共建共享。\r\n\r\n第七条 国务院文化主管部门、新闻出版广电主管部门依照本法和国务院规定的职责负责全国的公共文化服务工作；国务院其他有关部门在各自职责范围内负责相关公共文化服务工作。县级以上地方人民政府文化、新闻出版广电主管部门根据其职责负责本行政区域内的公共文化服务工作；县级以上地方人民政府其他有关部门在各自职责范围内负责相关公共文化服务工作。\r\n\r\n第八条 国家扶助革命老区、民族地区、边疆地区、贫困地区的公共文化服务，促进公共文化服务均衡协调发展。\r\n\r\n第九条 各级人民政府应当根据未成年人、老年人、残疾人和流动人口等群体的特点与需求，提供相应的公共文化服务。\r\n\r\n第十条 国家鼓励和支持公共文化服务与学校教育相结合，充分发挥公共文化服务的社会教育功能，提高青少年思想道德和科学文化素质。\r\n\r\n第十一条 国家鼓励和支持发挥科技在公共文化服务中的作用，推动运用现代信息技术和传播技术，提高公众的科学素养和公共文化服务水平。\r\n\r\n第十二条 国家鼓励和支持在公共文化服务领域开展国际合作与交流。\r\n\r\n第十三条 国家鼓励和支持公民、法人和其他组织参与公共文化服务。对在公共文化服务中作出突出贡献的公民、法人和其他组织，依法给予表彰和奖励。\r\n\r\n第二章 公共文化设施建设与管理\r\n\r\n第十四条 本法所称公共文化设施是指用于提供公共文化服务的建筑物、场地和设备，主要包括图书馆、博物馆、文化馆（站）、美术馆、科技馆、纪念馆、体育场馆、工人文化宫、青少年宫、妇女儿童活动中心、老年人活动中心、乡镇（街道）和村（社区）基层综合性文化服务中心、农家（职工）书屋、公共阅报栏（屏）、广播电视播出传输覆盖设施、公共数字文化服务点等。县级以上地方人民政府应当将本行政区域内的公共文化设施目录及有关信息予以公布。\r\n\r\n第十五条 县级以上地方人民政府应当将公共文化设施建设纳入本级城乡规划，根据国家基本公共文化服务指导标准、省级基本公共文化服务实施标准，结合当地经济社会发展水平、人口状况、环境条件、文化特色，合理确定公共文化设施的种类、数量、规模以及布局，形成场馆服务、流动服务和数字服务相结合的公共文化设施网络。公共文化设施的选址，应当征求公众意见，符合公共文化设施的功能和特点，有利于发挥其作用。\r\n\r\n第十六条 公共文化设施的建设用地，应当符合土地利用总体规划和城乡规划，并依照法定程序审批。任何单位和个人不得侵占公共文化设施建设用地或者擅自改变其用途。因特殊情况需要调整公共文化设施建设用地的，应当重新确定建设用地。调整后的公共文化设施建设用地不得少于原有面积。新建、改建、扩建居民住宅区，应当按照有关规定、标准，规划和建设配套的公共文化设施。\r\n\r\n第十七条 公共文化设施的设计和建设，应当符合实用、安全、科学、美观、环保、节约的要求和国家规定的标准，并配置无障碍设施设备。\r\n\r\n第十八条 地方各级人民政府可以采取新建、改建、扩建、合建、租赁、利用现有公共设施等多种方式，加强乡镇（街道）、村（社区）基层综合性文化服务中心建设，推动基层有关公共设施的统一管理、综合利用，并保障其正常运行。\r\n\r\n第十九条 任何单位和个人不得擅自拆除公共文化设施，不得擅自改变公共文化设施的功能、用途或者妨碍其正常运行，不得侵占、挪用公共文化设施，不得将公共文化设施用于与公共文化服务无关的商业经营活动。因城乡建设确需拆除公共文化设施，或者改变其功能、用途的，应当依照有关法律、行政法规的规定重建、改建，并坚持先建设后拆除或者建设拆除同时进行的原则。重建、改建的公共文化设施的设施配置标准、建筑面积等不得降低。\r\n\r\n第二十条 公共文化设施管理单位应当按照国家规定的标准，配置和更新必需的服务内容和设备，加强公共文化设施经常性维护管理工作，保障公共文化设施的正常使用和运转。\r\n\r\n第二十一条 公共文化设施管理单位应当建立健全管理制度和服务规范，建立公共文化设施资产统计报告制度和公共文化服务开展情况的年报制度。\r\n\r\n第二十二条 公共文化设施管理单位应当建立健全安全管理制度，开展公共文化设施及公众活动的安全评价，依法配备安全保护设备和人员，保障公共文化设施和公众活动安全。\r\n\r\n第二十三条 各级人民政府应当建立有公众参与的公共文化设施使用效能考核评价制度，公共文化设施管理单位应当根据评价结果改进工作，提高服务质量。\r\n\r\n第二十四条 国家推动公共图书馆、博物馆、文化馆等公共文化设施管理单位根据其功能定位建立健全法人治理结构，吸收有关方面代表、专业人士和公众参与管理。\r\n\r\n第二十五条 国家鼓励和支持公民、法人和其他组织兴建、捐建或者与政府部门合作建设公共文化设施，鼓励公民、法人和其他组织依法参与公共文化设施的运营和管理。\r\n\r\n第二十六条 公众在使用公共文化设施时，应当遵守公共秩序，爱护公共设施，不得损坏公共设施设备和物品。\r\n\r\n第三章 公共文化服务提供\r\n\r\n第二十七条 各级人民政府应当充分利用公共文化设施，促进优秀公共文化产品的提供和传播，支持开展全民阅读、全民普法、全民健身、全民科普和艺术普及、优秀传统文化传承活动。\r\n\r\n第二十八条 设区的市级、县级地方人民政府应当根据国家基本公共文化服务指导标准和省、自治区、直辖市基本公共文化服务实施标准，结合当地实际，制定公布本行政区域公共文化服务目录并组织实施。\r\n\r\n第二十九条 公益性文化单位应当完善服务项目、丰富服务内容，创造条件向公众提供免费或者优惠的文艺演出、陈列展览、电影放映、广播电视节目收听收看、阅读服务、艺术培训等，并为公众开展文化活动提供支持和帮助。国家鼓励经营性文化单位提供免费或者优惠的公共文化产品和文化活动。\r\n\r\n第三十条 基层综合性文化服务中心应当加强资源整合，建立完善公共文化服务网络，充分发挥统筹服务功能，为公众提供书报阅读、影视观赏、戏曲表演、普法教育、艺术普及、科学普及、广播播送、互联网上网和群众性文化体育活动等公共文化服务，并根据其功能特点，因地制宜提供其他公共服务。\r\n\r\n第三十一条 公共文化设施应当根据其功能、特点，按照国家有关规定，向公众免费或者优惠开放。公共文化设施开放收取费用的，应当每月定期向中小学生免费开放。公共文化设施开放或者提供培训服务等收取费用的，应当报经县级以上人民政府有关部门批准；收取的费用，应当用于公共文化设施的维护、管理和事业发展，不得挪作他用。公共文化设施管理单位应当公示服务项目和开放时间；临时停止开放的，应当及时公告。\r\n\r\n第三十二条 国家鼓励和支持机关、学校、企业事业单位的文化体育设施向公众开放。\r\n\r\n第三十三条 国家统筹规划公共数字文化建设，构建标准统一、互联互通的公共数字文化服务网络，建设公共文化信息资源库，实现基层网络服务共建共享。国家支持开发数字文化产品，推动利用宽带互联网、移动互联网、广播电视网和卫星网络提供公共文化服务。地方各级人民政府应当加强基层公共文化设施的数字化和网络建设，提高数字化和网络服务能力。\r\n\r\n第三十四条 地方各级人民政府应当采取多种方式，因地制宜提供流动文化服务。\r\n\r\n第三十五条 国家重点增加农村地区图书、报刊、戏曲、电影、广播电视节目、网络信息内容、节庆活动、体育健身活动等公共文化产品供给，促进城乡公共文化服务均等化。面向农村提供的图书、报刊、电影等公共文化产品应当符合农村特点和需求，提高针对性和时效性。\r\n\r\n第三十六条 地方各级人民政府应当根据当地实际情况，在人员流动量较大的公共场所、务工人员较为集中的区域以及留守妇女儿童较为集中的农村地区，配备必要的设施，采取多种形式，提供便利可及的公共文化服务。\r\n\r\n第三十七条 国家鼓励公民主动参与公共文化服务，自主开展健康文明的群众性文化体育活动；地方各级人民政府应当给予必要的指导、支持和帮助。居民委员会、村民委员会应当根据居民的需求开展群众性文化体育活动，并协助当地人民政府有关部门开展公共文化服务相关工作。国家机关、社会组织、企业事业单位应当结合自身特点和需要，组织开展群众性文化体育活动，丰富职工文化生活。\r\n\r\n第三十八条 地方各级人民政府应当加强面向在校学生的公共文化服务，支持学校开展适合在校学生特点的文化体育活动，促进德智体美教育。\r\n\r\n第三十九条 地方各级人民政府应当支持军队基层文化建设，丰富军营文化体育活动，加强军民文化融合。\r\n\r\n第四十条 国家加强民族语言文字文化产品的供给，加强优秀公共文化产品的民族语言文字译制及其在民族地区的传播，鼓励和扶助民族文化产品的创作生产，支持开展具有民族特色的群众性文化体育活动。\r\n\r\n第四十一条 国务院和省、自治区、直辖市人民政府制定政府购买公共文化服务的指导性意见和目录。国务院有关部门和县级以上地方人民政府应当根据指导性意见和目录，结合实际情况，确定购买的具体项目和内容，及时向社会公布。\r\n\r\n第四十二条 国家鼓励和支持公民、法人和其他组织通过兴办实体、资助项目、赞助活动、提供设施、捐赠产品等方式，参与提供公共文化服务。\r\n\r\n第四十三条 国家倡导和鼓励公民、法人和其他组织参与文化志愿服务。公共文化设施管理单位应当建立文化志愿服务机制，组织开展文化志愿服务活动。县级以上地方人民政府有关部门应当对文化志愿活动给予必要的指导和支持，并建立管理评价、教育培训和激励保障机制。\r\n\r\n第四十四条 任何组织和个人不得利用公共文化设施、文化产品、文化活动以及其他相关服务，从事危害国家安全、损害社会公共利益和其他违反法律法规的活动。\r\n\r\n第四章 保障措施  \r\n\r\n第四十五条 国务院和地方各级人民政府应当根据公共文化服务的事权和支出责任，将公共文化服务经费纳入本级预算，安排公共文化服务所需资金。\r\n\r\n第四十六条 国务院和省、自治区、直辖市人民政府应当增加投入，通过转移支付等方式，重点扶助革命老区、民族地区、边疆地区、贫困地区开展公共文化服务。国家鼓励和支持经济发达地区对革命老区、民族地区、边疆地区、贫困地区的公共文化服务提供援助。\r\n\r\n第四十七条 免费或者优惠开放的公共文化设施，按照国家规定享受补助。\r\n\r\n第四十八条 国家鼓励社会资本依法投入公共文化服务，拓宽公共文化服务资金来源渠道。\r\n\r\n第四十九条 国家采取政府购买服务等措施，支持公民、法人和其他组织参与提供公共文化服务。\r\n\r\n第五十条 公民、法人和其他组织通过公益性社会团体或者县级以上人民政府及其部门，捐赠财产用于公共文化服务的，依法享受税收优惠。国家鼓励通过捐赠等方式设立公共文化服务基金，专门用于公共文化服务。\r\n\r\n第五十一条 地方各级人民政府应当按照公共文化设施的功能、任务和服务人口规模，合理设置公共文化服务岗位，配备相应专业人员。\r\n\r\n第五十二条 国家鼓励和支持文化专业人员、高校毕业生和志愿者到基层从事公共文化服务工作。\r\n\r\n第五十三条 国家鼓励和支持公民、法人和其他组织依法成立公共文化服务领域的社会组织，推动公共文化服务社会化、专业化发展。\r\n\r\n第五十四条 国家支持公共文化服务理论研究，加强多层次专业人才教育和培训。\r\n\r\n第五十五条 县级以上人民政府应当建立健全公共文化服务资金使用的监督和统计公告制度，加强绩效考评，确保资金用于公共文化服务。任何单位和个人不得侵占、挪用公共文化服务资金。审计机关应当依法加强对公共文化服务资金的审计监督。\r\n\r\n第五十六条 各级人民政府应当加强对公共文化服务工作的监督检查，建立反映公众文化需求的征询反馈制度和有公众参与的公共文化服务考核评价制度，并将考核评价结果作为确定补贴或者奖励的依据。\r\n\r\n第五十七条 各级人民政府及有关部门应当及时公开公共文化服务信息，主动接受社会监督。\r\n\r\n新闻媒体应当积极开展公共文化服务的宣传报道，并加强舆论监督。\r\n\r\n第五章 法律责任\r\n\r\n第五十八条 违反本法规定，地方各级人民政府和县级以上人民政府有关部门未履行公共文化服务保障职责的，由其上级机关或者监察机关责令限期改正；情节严重的，对直接负责的主管人员和其他直接责任人员依法给予处分。\r\n\r\n第五十九条 违反本法规定，地方各级人民政府和县级以上人民政府有关部门，有下列行为之一的，由其上级机关或者监察机关责令限期改正；情节严重的，对直接负责的主管人员和其他直接责任人员依法给予处分：\r\n\r\n（一）侵占、挪用公共文化服务资金的；\r\n\r\n（二）擅自拆除、侵占、挪用公共文化设施，或者改变其功能、用途，或者妨碍其正常运行的；\r\n\r\n（三）未依照本法规定重建公共文化设施的；\r\n\r\n（四）滥用职权、玩忽职守、徇私舞弊的。\r\n\r\n第六十条 违反本法规定，侵占公共文化设施的建设用地或者擅自改变其用途的，由县级以上地方人民政府土地主管部门、城乡规划主管部门依据各自职责责令限期改正；逾期不改正的，由作出决定的机关依法强制执行，或者依法申请人民法院强制执行。\r\n\r\n第六十一条 违反本法规定，公共文化设施管理单位有下列情形之一的，由其主管部门责令限期改正；造成严重后果的，对直接负责的主管人员和其他直接责任人员，依法给予处分：\r\n\r\n（一）未按照规定对公众开放的；\r\n\r\n（二）未公示服务项目、开放时间等事项的；\r\n\r\n（三）未建立安全管理制度的；\r\n\r\n（四）因管理不善造成损失的。\r\n\r\n第六十二条 违反本法规定，公共文化设施管理单位有下列行为之一的，由其主管部门或者价格主管部门责令限期改正，没收违法所得，违法所得五千元以上的，并处违法所得两倍以上五倍以下罚款；没有违法所得或者违法所得五千元以下的，可以处一万元以下的罚款；对直接负责的主管人员和其他直接责任人员，依法给予处分：\r\n\r\n（一）开展与公共文化设施功能、用途不符的服务活动的；\r\n\r\n（二）对应当免费开放的公共文化设施收费或者变相收费的；\r\n\r\n（三）收取费用未用于公共文化设施的维护、管理和事业发展，挪作他用的。\r\n\r\n第六十三条 违反本法规定，损害他人民事权益的，依法承担民事责任；构成违反治安管理行为的，由公安机关依法给予治安管理处罚；构成犯罪的，依法追究刑事责任。\r\n\r\n第六章 附 则\r\n\r\n第六十四条 境外自然人、法人和其他组织在中国境内从事公共文化服务的，应当符合相关法律、行政法规的规定。\r\n\r\n第六十五条 本法自2017年3月1日起施行。', '2019-12-03 00:00:00', '3', '<p>中华人民共和国公共文化服务保障法</p>\n<p>（2016年12月25日第十二届全国人民代表大会常务委员会第二十五次会议通过）</p>\n<p>中华人民共和国主席令</p>\n<p>第六十号</p>\n<p>《中华人民共和国公共文化服务保障法》已由中华人民共和国第十二届全国人民代表大会常务委员会第二十五次会议于2016年12月25日通过，现予公布，自2017年3月1日起施行。</p>\n<p>中华人民共和国主席 习近平</p>\n<p>2016年12月25日</p>\n<p>目 录</p>\n<p>第一章 总 则</p>\n<p>第二章 公共文化设施建设与管理</p>\n<p>第三章 公共文化服务提供</p>\n<p>第四章 保障措施</p>\n<p>第五章 法律责任</p>\n<p>第六章 附 则</p>\n<p>第一章 总 则</p>\n<p>第一条 为了加强公共文化服务体系建设，丰富人民群众精神文化生活，传承中华优秀传统文化，弘扬社会主义核心价值观，增强文化自信，促进中国特色社会主义文化繁荣发展，提高全民族文明素质，制定本法。</p>\n<p>第二条 本法所称公共文化服务，是指由政府主导、社会力量参与，以满足公民基本文化需求为主要目的而提供的公共文化设施、文化产品、文化活动以及其他相关服务。</p>\n<p>第三条 公共文化服务应当坚持社会主义先进文化前进方向，坚持以人民为中心，坚持以社会主义核心价值观为引领；应当按照“百花齐放、百家争鸣”的方针，支持优秀公共文化产品的创作生产，丰富公共文化服务内容。</p>\n<p>第四条 县级以上人民政府应当将公共文化服务纳入本级国民经济和社会发展规划，按照公益性、基本性、均等性、便利性的要求，加强公共文化设施建设，完善公共文化服务体系，提高公共文化服务效能。</p>\n<p>第五条 国务院根据公民基本文化需求和经济社会发展水平，制定并调整国家基本公共文化服务指导标准。省、自治区、直辖市人民政府根据国家基本公共文化服务指导标准，结合当地实际需求、财政能力和文化特色，制定并调整本行政区域的基本公共文化服务实施标准。</p>\n<p>第六条 国务院建立公共文化服务综合协调机制，指导、协调、推动全国公共文化服务工作。国务院文化主管部门承担综合协调具体职责。地方各级人民政府应当加强对公共文化服务的统筹协调，推动实现共建共享。</p>\n<p>第七条 国务院文化主管部门、新闻出版广电主管部门依照本法和国务院规定的职责负责全国的公共文化服务工作；国务院其他有关部门在各自职责范围内负责相关公共文化服务工作。县级以上地方人民政府文化、新闻出版广电主管部门根据其职责负责本行政区域内的公共文化服务工作；县级以上地方人民政府其他有关部门在各自职责范围内负责相关公共文化服务工作。</p>\n<p>第八条 国家扶助革命老区、民族地区、边疆地区、贫困地区的公共文化服务，促进公共文化服务均衡协调发展。</p>\n<p>第九条 各级人民政府应当根据未成年人、老年人、残疾人和流动人口等群体的特点与需求，提供相应的公共文化服务。</p>\n<p>第十条 国家鼓励和支持公共文化服务与学校教育相结合，充分发挥公共文化服务的社会教育功能，提高青少年思想道德和科学文化素质。</p>\n<p>第十一条 国家鼓励和支持发挥科技在公共文化服务中的作用，推动运用现代信息技术和传播技术，提高公众的科学素养和公共文化服务水平。</p>\n<p>第十二条 国家鼓励和支持在公共文化服务领域开展国际合作与交流。</p>\n<p>第十三条 国家鼓励和支持公民、法人和其他组织参与公共文化服务。对在公共文化服务中作出突出贡献的公民、法人和其他组织，依法给予表彰和奖励。</p>\n<p>第二章 公共文化设施建设与管理</p>\n<p>第十四条 本法所称公共文化设施是指用于提供公共文化服务的建筑物、场地和设备，主要包括图书馆、博物馆、文化馆（站）、美术馆、科技馆、纪念馆、体育场馆、工人文化宫、青少年宫、妇女儿童活动中心、老年人活动中心、乡镇（街道）和村（社区）基层综合性文化服务中心、农家（职工）书屋、公共阅报栏（屏）、广播电视播出传输覆盖设施、公共数字文化服务点等。县级以上地方人民政府应当将本行政区域内的公共文化设施目录及有关信息予以公布。</p>\n<p>第十五条 县级以上地方人民政府应当将公共文化设施建设纳入本级城乡规划，根据国家基本公共文化服务指导标准、省级基本公共文化服务实施标准，结合当地经济社会发展水平、人口状况、环境条件、文化特色，合理确定公共文化设施的种类、数量、规模以及布局，形成场馆服务、流动服务和数字服务相结合的公共文化设施网络。公共文化设施的选址，应当征求公众意见，符合公共文化设施的功能和特点，有利于发挥其作用。</p>\n<p>第十六条 公共文化设施的建设用地，应当符合土地利用总体规划和城乡规划，并依照法定程序审批。任何单位和个人不得侵占公共文化设施建设用地或者擅自改变其用途。因特殊情况需要调整公共文化设施建设用地的，应当重新确定建设用地。调整后的公共文化设施建设用地不得少于原有面积。新建、改建、扩建居民住宅区，应当按照有关规定、标准，规划和建设配套的公共文化设施。</p>\n<p>第十七条 公共文化设施的设计和建设，应当符合实用、安全、科学、美观、环保、节约的要求和国家规定的标准，并配置无障碍设施设备。</p>\n<p>第十八条 地方各级人民政府可以采取新建、改建、扩建、合建、租赁、利用现有公共设施等多种方式，加强乡镇（街道）、村（社区）基层综合性文化服务中心建设，推动基层有关公共设施的统一管理、综合利用，并保障其正常运行。</p>\n<p>第十九条 任何单位和个人不得擅自拆除公共文化设施，不得擅自改变公共文化设施的功能、用途或者妨碍其正常运行，不得侵占、挪用公共文化设施，不得将公共文化设施用于与公共文化服务无关的商业经营活动。因城乡建设确需拆除公共文化设施，或者改变其功能、用途的，应当依照有关法律、行政法规的规定重建、改建，并坚持先建设后拆除或者建设拆除同时进行的原则。重建、改建的公共文化设施的设施配置标准、建筑面积等不得降低。</p>\n<p>第二十条 公共文化设施管理单位应当按照国家规定的标准，配置和更新必需的服务内容和设备，加强公共文化设施经常性维护管理工作，保障公共文化设施的正常使用和运转。</p>\n<p>第二十一条 公共文化设施管理单位应当建立健全管理制度和服务规范，建立公共文化设施资产统计报告制度和公共文化服务开展情况的年报制度。</p>\n<p>第二十二条 公共文化设施管理单位应当建立健全安全管理制度，开展公共文化设施及公众活动的安全评价，依法配备安全保护设备和人员，保障公共文化设施和公众活动安全。</p>\n<p>第二十三条 各级人民政府应当建立有公众参与的公共文化设施使用效能考核评价制度，公共文化设施管理单位应当根据评价结果改进工作，提高服务质量。</p>\n<p>第二十四条 国家推动公共图书馆、博物馆、文化馆等公共文化设施管理单位根据其功能定位建立健全法人治理结构，吸收有关方面代表、专业人士和公众参与管理。</p>\n<p>第二十五条 国家鼓励和支持公民、法人和其他组织兴建、捐建或者与政府部门合作建设公共文化设施，鼓励公民、法人和其他组织依法参与公共文化设施的运营和管理。</p>\n<p>第二十六条 公众在使用公共文化设施时，应当遵守公共秩序，爱护公共设施，不得损坏公共设施设备和物品。</p>\n<p>第三章 公共文化服务提供</p>\n<p>第二十七条 各级人民政府应当充分利用公共文化设施，促进优秀公共文化产品的提供和传播，支持开展全民阅读、全民普法、全民健身、全民科普和艺术普及、优秀传统文化传承活动。</p>\n<p>第二十八条 设区的市级、县级地方人民政府应当根据国家基本公共文化服务指导标准和省、自治区、直辖市基本公共文化服务实施标准，结合当地实际，制定公布本行政区域公共文化服务目录并组织实施。</p>\n<p>第二十九条 公益性文化单位应当完善服务项目、丰富服务内容，创造条件向公众提供免费或者优惠的文艺演出、陈列展览、电影放映、广播电视节目收听收看、阅读服务、艺术培训等，并为公众开展文化活动提供支持和帮助。国家鼓励经营性文化单位提供免费或者优惠的公共文化产品和文化活动。</p>\n<p>第三十条 基层综合性文化服务中心应当加强资源整合，建立完善公共文化服务网络，充分发挥统筹服务功能，为公众提供书报阅读、影视观赏、戏曲表演、普法教育、艺术普及、科学普及、广播播送、互联网上网和群众性文化体育活动等公共文化服务，并根据其功能特点，因地制宜提供其他公共服务。</p>\n<p>第三十一条 公共文化设施应当根据其功能、特点，按照国家有关规定，向公众免费或者优惠开放。公共文化设施开放收取费用的，应当每月定期向中小学生免费开放。公共文化设施开放或者提供培训服务等收取费用的，应当报经县级以上人民政府有关部门批准；收取的费用，应当用于公共文化设施的维护、管理和事业发展，不得挪作他用。公共文化设施管理单位应当公示服务项目和开放时间；临时停止开放的，应当及时公告。</p>\n<p>第三十二条 国家鼓励和支持机关、学校、企业事业单位的文化体育设施向公众开放。</p>\n<p>第三十三条 国家统筹规划公共数字文化建设，构建标准统一、互联互通的公共数字文化服务网络，建设公共文化信息资源库，实现基层网络服务共建共享。国家支持开发数字文化产品，推动利用宽带互联网、移动互联网、广播电视网和卫星网络提供公共文化服务。地方各级人民政府应当加强基层公共文化设施的数字化和网络建设，提高数字化和网络服务能力。</p>\n<p>第三十四条 地方各级人民政府应当采取多种方式，因地制宜提供流动文化服务。</p>\n<p>第三十五条 国家重点增加农村地区图书、报刊、戏曲、电影、广播电视节目、网络信息内容、节庆活动、体育健身活动等公共文化产品供给，促进城乡公共文化服务均等化。面向农村提供的图书、报刊、电影等公共文化产品应当符合农村特点和需求，提高针对性和时效性。</p>\n<p>第三十六条 地方各级人民政府应当根据当地实际情况，在人员流动量较大的公共场所、务工人员较为集中的区域以及留守妇女儿童较为集中的农村地区，配备必要的设施，采取多种形式，提供便利可及的公共文化服务。</p>\n<p>第三十七条 国家鼓励公民主动参与公共文化服务，自主开展健康文明的群众性文化体育活动；地方各级人民政府应当给予必要的指导、支持和帮助。居民委员会、村民委员会应当根据居民的需求开展群众性文化体育活动，并协助当地人民政府有关部门开展公共文化服务相关工作。国家机关、社会组织、企业事业单位应当结合自身特点和需要，组织开展群众性文化体育活动，丰富职工文化生活。</p>\n<p>第三十八条 地方各级人民政府应当加强面向在校学生的公共文化服务，支持学校开展适合在校学生特点的文化体育活动，促进德智体美教育。</p>\n<p>第三十九条 地方各级人民政府应当支持军队基层文化建设，丰富军营文化体育活动，加强军民文化融合。</p>\n<p>第四十条 国家加强民族语言文字文化产品的供给，加强优秀公共文化产品的民族语言文字译制及其在民族地区的传播，鼓励和扶助民族文化产品的创作生产，支持开展具有民族特色的群众性文化体育活动。</p>\n<p>第四十一条 国务院和省、自治区、直辖市人民政府制定政府购买公共文化服务的指导性意见和目录。国务院有关部门和县级以上地方人民政府应当根据指导性意见和目录，结合实际情况，确定购买的具体项目和内容，及时向社会公布。</p>\n<p>第四十二条 国家鼓励和支持公民、法人和其他组织通过兴办实体、资助项目、赞助活动、提供设施、捐赠产品等方式，参与提供公共文化服务。</p>\n<p>第四十三条 国家倡导和鼓励公民、法人和其他组织参与文化志愿服务。公共文化设施管理单位应当建立文化志愿服务机制，组织开展文化志愿服务活动。县级以上地方人民政府有关部门应当对文化志愿活动给予必要的指导和支持，并建立管理评价、教育培训和激励保障机制。</p>\n<p>第四十四条 任何组织和个人不得利用公共文化设施、文化产品、文化活动以及其他相关服务，从事危害国家安全、损害社会公共利益和其他违反法律法规的活动。</p>\n<p>第四章 保障措施</p>\n<p>第四十五条 国务院和地方各级人民政府应当根据公共文化服务的事权和支出责任，将公共文化服务经费纳入本级预算，安排公共文化服务所需资金。</p>\n<p>第四十六条 国务院和省、自治区、直辖市人民政府应当增加投入，通过转移支付等方式，重点扶助革命老区、民族地区、边疆地区、贫困地区开展公共文化服务。国家鼓励和支持经济发达地区对革命老区、民族地区、边疆地区、贫困地区的公共文化服务提供援助。</p>\n<p>第四十七条 免费或者优惠开放的公共文化设施，按照国家规定享受补助。</p>\n<p>第四十八条 国家鼓励社会资本依法投入公共文化服务，拓宽公共文化服务资金来源渠道。</p>\n<p>第四十九条 国家采取政府购买服务等措施，支持公民、法人和其他组织参与提供公共文化服务。</p>\n<p>第五十条 公民、法人和其他组织通过公益性社会团体或者县级以上人民政府及其部门，捐赠财产用于公共文化服务的，依法享受税收优惠。国家鼓励通过捐赠等方式设立公共文化服务基金，专门用于公共文化服务。</p>\n<p>第五十一条 地方各级人民政府应当按照公共文化设施的功能、任务和服务人口规模，合理设置公共文化服务岗位，配备相应专业人员。</p>\n<p>第五十二条 国家鼓励和支持文化专业人员、高校毕业生和志愿者到基层从事公共文化服务工作。</p>\n<p>第五十三条 国家鼓励和支持公民、法人和其他组织依法成立公共文化服务领域的社会组织，推动公共文化服务社会化、专业化发展。</p>\n<p>第五十四条 国家支持公共文化服务理论研究，加强多层次专业人才教育和培训。</p>\n<p>第五十五条 县级以上人民政府应当建立健全公共文化服务资金使用的监督和统计公告制度，加强绩效考评，确保资金用于公共文化服务。任何单位和个人不得侵占、挪用公共文化服务资金。审计机关应当依法加强对公共文化服务资金的审计监督。</p>\n<p>第五十六条 各级人民政府应当加强对公共文化服务工作的监督检查，建立反映公众文化需求的征询反馈制度和有公众参与的公共文化服务考核评价制度，并将考核评价结果作为确定补贴或者奖励的依据。</p>\n<p>第五十七条 各级人民政府及有关部门应当及时公开公共文化服务信息，主动接受社会监督。</p>\n<p>新闻媒体应当积极开展公共文化服务的宣传报道，并加强舆论监督。</p>\n<p>第五章 法律责任</p>\n<p>第五十八条 违反本法规定，地方各级人民政府和县级以上人民政府有关部门未履行公共文化服务保障职责的，由其上级机关或者监察机关责令限期改正；情节严重的，对直接负责的主管人员和其他直接责任人员依法给予处分。</p>\n<p>第五十九条 违反本法规定，地方各级人民政府和县级以上人民政府有关部门，有下列行为之一的，由其上级机关或者监察机关责令限期改正；情节严重的，对直接负责的主管人员和其他直接责任人员依法给予处分：</p>\n<p>（一）侵占、挪用公共文化服务资金的；</p>\n<p>（二）擅自拆除、侵占、挪用公共文化设施，或者改变其功能、用途，或者妨碍其正常运行的；</p>\n<p>（三）未依照本法规定重建公共文化设施的；</p>\n<p>（四）滥用职权、玩忽职守、徇私舞弊的。</p>\n<p>第六十条 违反本法规定，侵占公共文化设施的建设用地或者擅自改变其用途的，由县级以上地方人民政府土地主管部门、城乡规划主管部门依据各自职责责令限期改正；逾期不改正的，由作出决定的机关依法强制执行，或者依法申请人民法院强制执行。</p>\n<p>第六十一条 违反本法规定，公共文化设施管理单位有下列情形之一的，由其主管部门责令限期改正；造成严重后果的，对直接负责的主管人员和其他直接责任人员，依法给予处分：</p>\n<p>（一）未按照规定对公众开放的；</p>\n<p>（二）未公示服务项目、开放时间等事项的；</p>\n<p>（三）未建立安全管理制度的；</p>\n<p>（四）因管理不善造成损失的。</p>\n<p>第六十二条 违反本法规定，公共文化设施管理单位有下列行为之一的，由其主管部门或者价格主管部门责令限期改正，没收违法所得，违法所得五千元以上的，并处违法所得两倍以上五倍以下罚款；没有违法所得或者违法所得五千元以下的，可以处一万元以下的罚款；对直接负责的主管人员和其他直接责任人员，依法给予处分：</p>\n<p>（一）开展与公共文化设施功能、用途不符的服务活动的；</p>\n<p>（二）对应当免费开放的公共文化设施收费或者变相收费的；</p>\n<p>（三）收取费用未用于公共文化设施的维护、管理和事业发展，挪作他用的。</p>\n<p>第六十三条 违反本法规定，损害他人民事权益的，依法承担民事责任；构成违反治安管理行为的，由公安机关依法给予治安管理处罚；构成犯罪的，依法追究刑事责任。</p>\n<p>第六章 附 则</p>\n<p>第六十四条 境外自然人、法人和其他组织在中国境内从事公共文化服务的，应当符合相关法律、行政法规的规定。</p>\n<p>第六十五条 本法自2017年3月1日起施行。</p>\n');
INSERT INTO `card_info` VALUES ('9', '国际丝贸中心被评为嘉兴市第三批重点楼宇', '近日，从嘉楼办〔2017〕15号获悉，我街道国际丝贸中心被认定为2016年度嘉兴市重点楼宇，成为我街道第6幢市级重点楼宇。\r\n\r\n此次公布的是嘉兴市第三批市级重点楼宇，自重点楼宇评选工作以来共开展了三次评选工作，我街道每次都积极参与评选，并且每次都有楼宇成功评选，从第一批的隆禧大厦、瑞鑫大厦到第二批的财富广场、苏银大厦和兴业大厦，再到此次第三批的国际丝贸中心，成为目前为止市级重点楼宇数量最多的街道。随着评选工作的深入开展，评选要求越来越高，而且市楼宇办也已经明确到2020年总共评选市级重点楼宇100幢，前三批已经产生了56幢，备选名额已经不足一半，评选难度越来越大。\r\n\r\n我街道将继续以评选要求为工作主线，重点培育条件成熟的楼宇。通过加强楼宇二次招商规划、创新楼宇招商方式，突出业主招商、物业招商，形成招商合力，不断提高楼宇入驻率；同时以楼宇物业考核为抓手不断提高物管服务水平，努力推进物业服务规范化、管理科学化，不断提高物业管理服务水平；继续推进楼宇社区建设，为楼宇业主和入驻企业提供便利的政策咨询、工商、税务等综合性服务，为楼宇企业、企业员工提供全方位个性化服务，优化和完善楼宇配套设施，不断提高楼宇入驻企业的满意率，为再创市级重点楼宇打下坚实基础。', '2019-12-03 00:00:00', '4', '<p>近日，从嘉楼办〔2017〕15号获悉，我街道国际丝贸中心被认定为2016年度嘉兴市重点楼宇，成为我街道第6幢市级重点楼宇。</p>\n<p>此次公布的是嘉兴市第三批市级重点楼宇，自重点楼宇评选工作以来共开展了三次评选工作，我街道每次都积极参与评选，并且每次都有楼宇成功评选，从第一批的隆禧大厦、瑞鑫大厦到第二批的财富广场、苏银大厦和兴业大厦，再到此次第三批的国际丝贸中心，成为目前为止市级重点楼宇数量最多的街道。随着评选工作的深入开展，评选要求越来越高，而且市楼宇办也已经明确到2020年总共评选市级重点楼宇100幢，前三批已经产生了56幢，备选名额已经不足一半，评选难度越来越大。</p>\n<p>我街道将继续以评选要求为工作主线，重点培育条件成熟的楼宇。通过加强楼宇二次招商规划、创新楼宇招商方式，突出业主招商、物业招商，形成招商合力，不断提高楼宇入驻率；同时以楼宇物业考核为抓手不断提高物管服务水平，努力推进物业服务规范化、管理科学化，不断提高物业管理服务水平；继续推进楼宇社区建设，为楼宇业主和入驻企业提供便利的政策咨询、工商、税务等综合性服务，为楼宇企业、企业员工提供全方位个性化服务，优化和完善楼宇配套设施，不断提高楼宇入驻企业的满意率，为再创市级重点楼宇打下坚实基础。</p>\n');
INSERT INTO `card_info` VALUES ('20', '【奋发镇】讲政治强党性 守纪律强作风', '为贯彻落实好省委、市委和区委的统一部署，进一步强化政治意识、纪律意识，推动全面从严治党向纵深发展，以纪律建设的新成效保障奋发各项事业振兴发展，今天上午，我镇召开了纪律教育专题学习会，镇领导班子、部门负责人、企事业单位负责人和全体村（居）“两委”干部共260多人参加了会议。\r\n\r\n会议首先组织全体参会人员观看了警示教育片《村蝇之害》，通过曝光近年来基层村干部的违纪违法现象，查处的一系列典型案例，深入分析成因，以案说法，让基层干部受到教育，引以为戒，警醒基层干部在精准扶贫、惠民政策落实方面应如何坚守原则、依法依规、正确履行职责。\r\n\r\n镇长传达了市、区纪律教育专题学习会和区纪律教育专题学习会的主要精神，部署了我镇开展纪律教育学习的各项工作任务。副书记对加强机关作风建设进行部署，传达《奋发镇关于开展机关作风整治的实施方案》。\r\n\r\n书记围绕“讲政治、强党性、严纪律、守规矩”的主题，从强化治国理政新理念，持之以恒抓反腐，强化干部作风，压实责任促实效等方面为参会人员作了一场联系实际、紧扣主题、意义深刻的纪律教育专题辅导报告。\r\n\r\n书记指出，松口镇正加快重点项目和新农村建设，推进创文工作，警示片反映的问题，我们要引以为戒。各村（居）委、部门负责人要围绕“讲政治、强党性、严纪律、守规矩”这一要求，带好班子，管好队伍，凝心聚力，以优良的作风推动奋发镇各项事业平稳健康发展。\r\n\r\n书记强调，每位党员领导干部在任何时候都要坚决维护习近平总书记的核心地位，确保党的路线方针和政令畅通实施，坚持把政治纪律和政治规矩挺在前面；要狠抓作风建设，发挥党员干部的表率作用，将纪律学习教育与推进“两学一做”常态化教育、深入开展镇街领导干部驻点普遍直接联系群众工作相结合，将其作为改进作风的着力点；要坚决落实《关于贯彻“三个区分开来”实行容误免责治理为官不为的意见》，真正形成鼓励干事创业、自觉抵制为官不为的良好氛围；要严肃问责推动落实，对存在的“弱、慢、散、推”等现象进行重点整治，严肃问责，要紧紧围绕大力发展实体经济、加快推进重点项目建设，抓好精准脱贫、环境卫生整治、创文、新农村建设等重点工作，以踏石留印、抓铁有痕的劲头，持之于恒抓好中央“八项规定”的贯彻落实，以纪律教育活动的新成效，为加快奋发振兴发展提供坚强的纪律和作风保障，以优异的成绩迎接党的十九大胜利召开。', '2019-12-05 06:20:42', '1', '<p>为贯彻落实好省委、市委和区委的统一部署，进一步强化政治意识、纪律意识，推动全面从严治党向纵深发展，以纪律建设的新成效保障奋发各项事业振兴发展，今天上午，我镇召开了纪律教育专题学习会，镇领导班子、部门负责人、企事业单位负责人和全体村（居）“两委”干部共260多人参加了会议。</p>\n<p>会议首先组织全体参会人员观看了警示教育片《村蝇之害》，通过曝光近年来基层村干部的违纪违法现象，查处的一系列典型案例，深入分析成因，以案说法，让基层干部受到教育，引以为戒，警醒基层干部在精准扶贫、惠民政策落实方面应如何坚守原则、依法依规、正确履行职责。</p>\n<p>镇长传达了市、区纪律教育专题学习会和区纪律教育专题学习会的主要精神，部署了我镇开展纪律教育学习的各项工作任务。副书记对加强机关作风建设进行部署，传达《奋发镇关于开展机关作风整治的实施方案》。</p>\n<p>书记围绕“讲政治、强党性、严纪律、守规矩”的主题，从强化治国理政新理念，持之以恒抓反腐，强化干部作风，压实责任促实效等方面为参会人员作了一场联系实际、紧扣主题、意义深刻的纪律教育专题辅导报告。</p>\n<p>书记指出，松口镇正加快重点项目和新农村建设，推进创文工作，警示片反映的问题，我们要引以为戒。各村（居）委、部门负责人要围绕“讲政治、强党性、严纪律、守规矩”这一要求，带好班子，管好队伍，凝心聚力，以优良的作风推动奋发镇各项事业平稳健康发展。</p>\n<p>书记强调，每位党员领导干部在任何时候都要坚决维护习近平总书记的核心地位，确保党的路线方针和政令畅通实施，坚持把政治纪律和政治规矩挺在前面；要狠抓作风建设，发挥党员干部的表率作用，将纪律学习教育与推进“两学一做”常态化教育、深入开展镇街领导干部驻点普遍直接联系群众工作相结合，将其作为改进作风的着力点；要坚决落实《关于贯彻“三个区分开来”实行容误免责治理为官不为的意见》，真正形成鼓励干事创业、自觉抵制为官不为的良好氛围；要严肃问责推动落实，对存在的“弱、慢、散、推”等现象进行重点整治，严肃问责，要紧紧围绕大力发展实体经济、加快推进重点项目建设，抓好精准脱贫、环境卫生整治、创文、新农村建设等重点工作，以踏石留印、抓铁有痕的劲头，持之于恒抓好中央“八项规定”的贯彻落实，以纪律教育活动的新成效，为加快奋发振兴发展提供坚强的纪律和作风保障，以优异的成绩迎接党的十九大胜利召开。</p>\n');
INSERT INTO `card_info` VALUES ('25', '123', '123', '2019-12-07 02:28:36', '5', '<p>123</p>\n');

-- ----------------------------
-- Table structure for carousel_big
-- ----------------------------
DROP TABLE IF EXISTS `carousel_big`;
CREATE TABLE `carousel_big` (
  `id` int(128) NOT NULL,
  `img_url` varchar(255) DEFAULT NULL,
  `name` varchar(255) DEFAULT NULL,
  PRIMARY KEY (`id`)
) ENGINE=InnoDB DEFAULT CHARSET=utf8;

-- ----------------------------
-- Records of carousel_big
-- ----------------------------

-- ----------------------------
-- Table structure for carousel_small
-- ----------------------------
DROP TABLE IF EXISTS `carousel_small`;
CREATE TABLE `carousel_small` (
  `id` int(128) NOT NULL,
  `img_url` varchar(255) DEFAULT NULL,
  `name` varchar(255) DEFAULT NULL,
  PRIMARY KEY (`id`)
) ENGINE=InnoDB DEFAULT CHARSET=utf8;

-- ----------------------------
-- Records of carousel_small
-- ----------------------------

-- ----------------------------
-- Table structure for main_card
-- ----------------------------
DROP TABLE IF EXISTS `main_card`;
CREATE TABLE `main_card` (
  `card_id` int(128) NOT NULL,
  `card_title_type` varchar(255) DEFAULT NULL,
  PRIMARY KEY (`card_id`)
) ENGINE=InnoDB DEFAULT CHARSET=utf8;

-- ----------------------------
-- Records of main_card
-- ----------------------------
INSERT INTO `main_card` VALUES ('1', '乡镇动态');
INSERT INTO `main_card` VALUES ('2', '政务公开');
INSERT INTO `main_card` VALUES ('3', '政策法规');
INSERT INTO `main_card` VALUES ('4', '招商引资');
INSERT INTO `main_card` VALUES ('5', '美丽奋发');

-- ----------------------------
-- Table structure for user
-- ----------------------------
DROP TABLE IF EXISTS `user`;
CREATE TABLE `user` (
  `id` int(11) NOT NULL AUTO_INCREMENT,
  `user_name` varchar(255) NOT NULL,
  `password` varchar(255) DEFAULT NULL,
  PRIMARY KEY (`id`),
  UNIQUE KEY `u_name` (`user_name`)
) ENGINE=InnoDB AUTO_INCREMENT=37 DEFAULT CHARSET=utf8;

-- ----------------------------
-- Records of user
-- ----------------------------
INSERT INTO `user` VALUES ('34', '116', '$2a$10$ThSmnjnRPc5fZsSxqvJaguqHsjrJKMghnqMuuZd8R3cV3veUjoMPO');
INSERT INTO `user` VALUES ('35', 'user', '$2a$10$nPw/hOT6zbIDJfQfh5AhG.aECuZ8BFIOmOFGpKQWhh4ol2eTvHj3C');
INSERT INTO `user` VALUES ('36', 'admin', '$2a$10$z4FJ68v/RSslHRgd6ailAOCKb5nfqwdJBxBZY1v.Tmi9a8o8WDdPO');
